time,probability
1801,4.4297423659524205e-46
1802,2.02512851724906e-45
1803,9.338687117676805e-45
1804,3.493730751202829e-44
1805,1.1380894042866877e-43
1806,3.627727952286237e-43
1807,1.1172602744422038e-42
1808,3.1801395366172464e-42
1809,8.489970467313132e-42
1810,2.1678171305265183e-41
1811,5.356913953535298e-41
1812,1.28052172882857e-40
1813,2.9491036305430416e-40
1814,6.590863177706493e-40
1815,1.4389256846697223e-39
1816,3.075306837803083e-39
1817,6.433474812143385e-39
1818,1.3180046943386973e-38
1819,2.6518794024274263e-38
1820,5.252593252470474e-38
1821,1.0249173736345438e-37
1822,1.9708186112393628e-37
1823,3.737853781304485e-37
1824,7.001250167441981e-37
1825,1.2963176615039828e-36
1826,2.373661433635348e-36
1827,4.300108622713325e-36
1828,7.712032525456852e-36
1829,1.370165980792945e-35
1830,2.412659852879757e-35
1831,4.2119046993793003e-35
1832,7.292411275416378e-35
1833,1.252717479770037e-34
1834,2.135950088956038e-34
1835,3.61587035833529e-34
1836,6.078902103976159e-34
1837,1.0151715021131728e-33
1838,1.6845054313168106e-33
1839,2.777992124983373e-33
1840,4.554129791585181e-33
1841,7.4229530134044e-33
1842,1.2031658773565151e-32
1843,1.9396820471750305e-32
1844,3.110748416734848e-32
1845,4.963584826826855e-32
1846,7.881055088168863e-32
1847,1.2453472766807823e-31
1848,1.9587058673460385e-31
1849,3.0667140621434644e-31
1850,4.780280963979663e-31
1851,7.419204777281275e-31
1852,1.1466448595367075e-30
1853,1.764855351469709e-30
1854,2.7054387668284734e-30
1855,4.130985518769277e-30
1856,6.283385068070855e-30
1857,9.521191971403391e-30
1858,1.4374024230040154e-29
1859,2.1621504228791193e-29
1860,3.2407396755875513e-29
1861,4.8404039961080315e-29
1862,7.204849435020995e-29
1863,1.0688075668393833e-28
1864,1.5802661257781604e-28
1865,2.328846787549248e-28
1866,3.421009752800097e-28
1867,5.009473463441136e-28
1868,7.3126548507033875e-28
1869,1.0642004142575702e-27
1870,1.544032640492295e-27
1871,2.2335355852131313e-27
1872,3.2214441617068823e-27
1873,4.632836730761623e-27
1874,6.64352721237789e-27
1875,9.499962706011799e-27
1876,1.3546658870999438e-26
1877,1.9263924735689975e-26
1878,2.731959604959442e-26
1879,3.8639798089456834e-26
1880,5.450549120870384e-26
1881,7.668385027290902e-26
1882,1.0760658167169679e-25
1883,1.5061133779792408e-25
1884,2.1026776052520463e-25
1885,2.9281674005940726e-25
1886,4.0676073165305817e-25
1887,5.636551435152977e-25
1888,7.791667576744726e-25
1889,1.0744859581784518e-24
1890,1.4782066020231322e-24
1891,2.0288225173508383e-24
1892,2.7780352494402016e-24
1893,3.795126694826355e-24
1894,5.172726376579258e-24
1895,7.03440114570942e-24
1896,9.544621020825012e-24
1897,1.2921816328176373e-23
1898,1.745544776017755e-23
1899,2.352827451504761e-23
1900,3.1645341582840445e-23
1901,4.2471633958706143e-23
1902,5.688088655536461e-23
1903,7.601872355173244e-23
1904,1.0138416641477285e-22
1905,1.3493464115628968e-22
1906,1.7922098756665653e-22
1907,2.3756069589944394e-22
1908,3.1425975653041747e-22
1909,4.1489620985572546e-22
1910,5.466818557704761e-22
1911,7.189227831339343e-22
1912,9.436046052831952e-22
1913,1.236134776704015e-21
1914,1.616282403533411e-21
1915,2.1093659007891165e-21
1916,2.747751125966293e-21
1917,3.572737751381747e-21
1918,4.636930253382585e-21
1919,6.007212750855972e-21
1920,7.768474951940788e-21
1921,1.0028270788612395e-20
1922,1.2922633250445865e-20
1923,1.6623320066360685e-20
1924,2.1346827157077302e-20
1925,2.736558253051037e-20
1926,3.5021825279965884e-20
1927,4.4744785803655256e-20
1928,5.707191822496499e-20
1929,7.267509896667677e-20
1930,9.239290209981306e-20
1931,1.1727029902151368e-19
1932,1.486074149477652e-19
1933,1.8801931693483413e-19
1934,2.3750921861776167e-19
1935,2.9955797841876024e-19
1936,3.7723335590156663e-19
1937,4.743231930892961e-19
1938,5.9549752491652115e-19
1939,7.465056200226684e-19
1940,9.344151387234324e-19
1941,1.1679020036821411e-18
1942,1.4576012500850993e-18
1943,1.816531101481591e-18
1944,2.2606048582779155e-18
1945,2.8092479517523635e-18
1946,3.48614078232426e-18
1947,4.320111810677886e-18
1948,5.3462099002315655e-18
1949,6.6069902334553675e-18
1950,8.154054378176815e-18
1951,1.0049892419922981e-17
1952,1.2370083676200985e-17
1953,1.5205922567358536e-17
1954,1.86675479736951e-17
1955,2.28876681382089e-17
1956,2.802598919691118e-17
1957,3.427447408634873e-17
1958,4.186358029427625e-17
1959,5.106965016220882e-17
1960,6.22236567731886e-17
1961,7.572154249786147e-17
1962,9.203642672858095e-17
1963,1.1173300500054554e-16
1964,1.354845145156043e-16
1965,1.6409270213229443e-16
1966,1.9851130140382066e-16
1967,2.3987360659961747e-16
1968,2.895248253658722e-16
1969,3.4905999955337944e-16
1970,4.2036840784532066e-16
1971,5.056855065284308e-16
1972,6.076536286675103e-16
1973,7.293928499450826e-16
1974,8.745836448699966e-16
1975,1.047563203851225e-15
1976,1.2534375642439004e-15
1977,1.4982120317547355e-15
1978,1.7889427378628813e-15
1979,2.1339126003540707e-15
1980,2.54283543491575e-15
1981,3.0270925142595803e-15
1982,3.600006496314603e-15
1983,4.277158354319818e-15
1984,5.076753750362542e-15
1985,6.020046213251792e-15
1986,7.13182552660086e-15
1987,8.440980919614886e-15
1988,9.981149998573749e-15
1989,1.179146588148179e-14
1990,1.3917416725529462e-14
1991,1.641183379370614e-14
1992,1.9336026421429796e-14
1993,2.276108474682323e-14
1994,2.6769373894861652e-14
1995,3.145624649798159e-14
1996,3.6932004041035635e-14
1997,4.332414158614781e-14
1998,5.077991501606038e-14
1999,5.946927509510374e-14
2000,6.958821845805413e-14
2001,8.136261218062057e-14
2002,9.50525559463726e-14
2003,1.1095735409476448e-13
2004,1.29421179120553e-13
2005,1.5083951862199647e-13
2006,1.7566650940354998e-13
2007,2.0442327557339896e-13
2008,2.377074021920327e-13
2009,2.762036925071509e-13
2010,3.2069637526553857e-13
2011,3.7208294925983385e-13
2012,4.3138987539112453e-13
2013,4.997903523672397e-13
2014,5.786244410166874e-13
2015,6.694218344352071e-13
2016,7.739276071879922e-13
2017,8.941313169709149e-13
2018,1.0322998769198701e-12
2019,1.191014666652555e-12
2020,1.373213405717113e-12
2021,1.5822373750520135e-12
2022,1.821884640996532e-12
2023,2.0964700130351413e-12
2024,2.4108925516302436e-12
2025,2.770711537147172e-12
2026,3.182231916051731e-12
2027,3.652600357340306e-12
2028,4.18991318167432e-12
2029,4.803337569243576e-12
2030,5.5032476115034685e-12
2031,6.301376948301104e-12
2032,7.210989927237123e-12
2033,8.247073438182836e-12
2034,9.42655181475214e-12
2035,1.0768527458633457e-11
2036,1.2294550134672497e-11
2037,1.4028918207137106e-11
2038,1.5999015443453148e-11
2039,1.8235687404092445e-11
2040,2.0773661869993694e-11
2041,2.3652018236018845e-11
2042,2.6914711324600377e-11
2043,3.061115565214479e-11
2044,3.4796876816858444e-11
2045,3.9534237376239025e-11
2046,4.489324535179625e-11
2047,5.0952454343839946e-11
2048,5.7799965166764105e-11
2049,6.55345399326025e-11
2050,7.426684062645092e-11
2051,8.4120805441027e-11
2052,9.523517747839755e-11
2053,1.0776520189416038e-10
2054,1.2188450916414984e-10
2055,1.3778720390894826e-10
2056,1.5569018063093042e-10
2057,1.7583568981570332e-10
2058,1.9849418013832152e-10
2059,2.2396744501061986e-10
2060,2.5259210442818077e-10
2061,2.8474345604375167e-10
2062,3.2083973262762854e-10
2063,3.6134680659418863e-10
2064,4.0678338610037386e-10
2065,4.5772675138325813e-10
2066,5.148190845280661e-10
2067,5.787744507722593e-10
2068,6.503864947830362e-10
2069,7.305369211270474e-10
2070,8.202048344197291e-10
2071,9.204770214365674e-10
2072,1.0325592648272701e-9
2073,1.1577887860340364e-9
2074,1.2976479236211868e-9
2075,1.453779162526692e-9
2076,1.6280016397999964e-9
2077,1.822329263245698e-9
2078,2.0389905910999618e-9
2079,2.280450633485768e-9
2080,2.5494347499932475e-9
2081,2.8489548323838795e-9
2082,3.182337977189302e-9
2083,3.553257869933982e-9
2084,3.965769120934854e-9
2085,4.424344812211391e-9
2086,4.933917536069792e-9
2087,5.49992422849198e-9
2088,6.1283551246502215e-9
2089,6.825807189783494e-9
2090,7.599542406429852e-9
2091,8.457551328729408e-9
2092,9.40862234630492e-9
2093,1.0462417134200208e-8
2094,1.1629552801639636e-8
2095,1.2921691291113316e-8
2096,1.4351636620641607e-8
2097,1.593344060616405e-8
2098,1.768251774796568e-8
2099,1.9615770015056793e-8
2100,2.1751722314644337e-8
2101,2.4110669490455053e-8
2102,2.671483575385428e-8
2103,2.958854751560911e-8
2104,3.275842065396196e-8
2105,3.625356332663132e-8
2106,4.010579551065443e-8
2107,4.43498865348184e-8
2108,4.902381195497643e-8
2109,5.4169031213038395e-8
2110,5.983078761611863e-8
2111,6.605843227346092e-8
2112,7.290577373555015e-8
2113,8.043145519246608e-8
2114,8.869936120729301e-8
2115,9.77790560855608e-8
2116,1.0774625611352268e-7
2117,1.1868333803679506e-7
2118,1.3067988629671137e-7
2119,1.4383328169495517e-7
2120,1.5824933431795277e-7
2121,1.7404296372139762e-7
2122,1.913389295523652e-7
2123,2.102726159719781e-7
2124,2.3099087343578574e-7
2125,2.536529215922564e-7
2126,2.784313172723065e-7
2127,3.0551299176480583e-7
2128,3.3510036180470175e-7
2129,3.6741251894207577e-7
2130,4.0268650221240503e-7
2131,4.4117865929076385e-7
2132,4.831661015858131e-7
2133,5.289482590133417e-7
2134,5.788485404840941e-7
2135,6.332161064469152e-7
2136,6.924277601460023e-7
2137,7.568899645803361e-7
2138,8.270409924942379e-7
2139,9.033532170806555e-7
2140,9.863355514434024e-7
2141,0.00000107653604524118
2142,0.000001174544647324704
2143,0.0000012809961435786135
2144,0.0000013965732795921163
2145,0.0000015220100782065997
2146,0.0000016580953624245125
2147,0.000001805676494611438
2148,0.000001965663343382228
2149,0.000002139032490032266
2150,0.000002326831686856252
2151,0.0000025301845801889204
2152,0.000002750295711504286
2153,0.0000029884558104219387
2154,0.000003246047393990319
2155,0.0000035245506871473935
2156,0.000003825549879797985
2157,0.000004150739736493319
2158,0.0000045019325752515105
2159,0.0000048810656326171215
2160,0.000005290208832622964
2161,0.000005731572977886804
2162,0.000006207518381648283
2163,0.00000672056396012641
2164,0.000007273396805154295
2165,0.00000786888225762466
2166,0.000008510074502855111
2167,0.000009200227709554868
2168,0.000009942807734643139
2169,0.000010741504416732502
2170,0.00001160024448164702
2171,0.000012523205083892287
2172,0.00001351482800853103
2173,0.000014579834558441756
2174,0.000015723241152447663
2175,0.000016950375660296607
2176,0.000018266894500948017
2177,0.000019678800531076213
2178,0.000021192461751130336
2179,0.00002281463085669666
2180,0.00002455246566328725
2181,0.000026413550433026662
2182,0.000028405918132022632
2183,0.00003053807364748537
2184,0.00003281901799390098
2185,0.000035258273537764684
2186,0.00003786591027053585
2187,0.000040652573159585294
2188,0.00004362951060696462
2189,0.00004680860404583415
2190,0.0000502023987043375
2191,0.00005382413556660355
2192,0.00005768778456038618
2193,0.00006180807900061756
2194,0.00006620055131784813
2195,0.00007088157010017317
2196,0.00007586837847679801
2197,0.0000811791338708677
2198,0.0000868329491485806
2199,0.00009284993519091598
2200,0.00009925124491353004
2201,0.0001060591187595091
2202,0.00011329693168870983
2203,0.00012098924168636283
2204,0.00012916183981246437
2205,0.0001378418018122294
2206,0.0001470575413065235
2207,0.0001568388645797297
2208,0.00016721702698093625
2209,0.00017822479095265314
2210,0.00018989648569947264
2211,0.0002022680685071849
2212,0.00021537718772083608
2213,0.00022926324738807907
2214,0.000243967473571909
2215,0.00025953298233449964
2216,0.0002760048493913594
2217,0.0002934301814324068
2218,0.0003118581891038259
2219,0.00033134026164170077
2220,0.00035193004314544715
2221,0.00037368351047595456
2222,0.00039665905276012965
2223,0.0004209175524801889
2224,0.00044652246812259085
2225,0.00047353991835792116
2226,0.0005020387677193554
2227,0.0005320907137435238
2228,0.0005637703755336939
2229,0.0005971553837011735
2230,0.000632326471636721
2231,0.0006693675680595344
2232,0.0007083658907870853
2233,0.0007494120416646678
2234,0.0007926001025890527
2235,0.000838027732556081
2236,0.000885796265657395
2237,0.0009360108099468141
2238,0.0009887803470921043
2239,0.001044217832723083
2240,0.0011024402973821464
2241,0.0011635689479784128
2242,0.0012277292696417628
2243,0.0012950511278681089
2244,0.0013656688708422859
2245,0.0014397214318199914
2246,0.0015173524314452632
2247,0.001598710279875053
2248,0.001683948278577555
2249,0.0017732247216660924
2250,0.001866702996625547
2251,0.0019645516842835657
2252,0.0020669446578741057
2253,0.0021740611810362872
2254,0.002286086004587019
2255,0.002403209461901481
2256,0.002525627562731274
2257,0.0026535420852859116
2258,0.0027871606663993505
2259,0.002926696889599416
2260,0.00307237037089433
2261,0.0032244068420870624
2262,0.0033830382314249652
2263,0.0035485027413890754
2264,0.0037210449234246364
2265,0.003900915749411776
2266,0.004088372679672921
2267,0.004283679727311435
2268,0.004487107518674149
2269,0.004698933349728905
2270,0.004919441238147013
2271,0.005148921970879562
2272,0.005387673147015956
2273,0.005635999215712719
2274,0.005894211508980749
2275,0.006162628269119526
2276,0.006441574670587653
2277,0.006731382836100178
2278,0.00703239184674473
2279,0.0073449477459104065
2280,0.007669403536825644
2281,0.00800611917350404
2282,0.008355461544900225
2283,0.008717804452081392
2284,0.009093528578224083
2285,0.009483021451250202
2286,0.009886677398921009
2287,0.01030489749621313
2288,0.010738089504806227
2289,0.011186667804518147
2290,0.011651053316529804
2291,0.012131673418249082
2292,0.012628961849670417
2293,0.013143358611094487
2294,0.013675309852080724
2295,0.014225267751513998
2296,0.014793690388675855
2297,0.015381041605220197
2298,0.015987790857963126
2299,0.016614413062406942
2300,0.017261388426928904
2301,0.017929202277576325
2302,0.018618344873421015
2303,0.01932931121243766
2304,0.020062600827882852
2305,0.020818717575163757
2306,0.021598169409198058
2307,0.02240146815227978
2308,0.023229129252478716
2309,0.02408167153261466
2310,0.024959616929861282
2311,0.025863490226048384
2312,0.02679381876874531
2313,0.027751132183222522
2314,0.028735962075402695
2315,0.029748841725927233
2316,0.03079030577547862
2317,0.03186088990151374
2318,0.032961130486578
2319,0.03409156427838478
2320,0.03525272804185957
2321,0.03644515820336266
2322,0.03766939048731917
2323,0.03892595954549952
2324,0.04021539857920805
2325,0.04153823895465176
2326,0.04289500981177528
2327,0.044286237666862224
2328,0.045712446009216756
2329,0.04717415489225268
2330,0.04867188051933067
2331,0.05020613482469711
2332,0.05177742504989056
2333,0.05338625331599433
2334,0.05503311619212518
2335,0.05671850426055983
2336,0.05844290167891186
2337,0.060206785739782255
2338,0.06201062642831671
2339,0.0638548859781127
2340,0.06574001842592797
2341,0.06766646916565064
2342,0.0696346745019994
2343,0.07164506120442904
2344,0.07369804606172368
2345,0.07579403543776572
2346,0.07793342482897404
2347,0.08011659842391003
2348,0.08234392866555362
2349,0.08461577581675507
2350,0.0869324875293707
2351,0.0892943984175927
2352,0.09170182963598439
2353,0.0941550884627328
2354,0.09665446788862982
2355,0.09920024621229226
2356,0.10179268664212865
2357,0.10443203690555906
2358,0.10711852886599031
2359,0.10985237814804438
2360,0.11263378377153312
2361,0.11546292779466592
2362,0.11833997496697223
2363,0.1212650723924118
2364,0.12423834920313906
2365,0.12725991624437638
2366,0.1303298657708444
2367,0.13344827115518587
2368,0.13661518660881
2369,0.13983064691557034
2370,0.14309466717867775
2371,0.14640724258123616
2372,0.149768348160778
2373,0.15317793859815904
2374,0.15663594802115896
2375,0.160142289823115
2376,0.16369685649690294
2377,0.16729951948456384
2378,0.17095012904285886
2379,0.17464851412500917
2380,0.17839448227886623
2381,0.1821878195617368
2382,0.18602829047207173
2383,0.1899156378982044
2384,0.19384958308430375
2385,0.1978298256136882
2386,0.20185604340962826
2387,0.20592789275374054
2388,0.21004500832206524
2389,0.21420700323888253
2390,0.21841346914831009
2391,0.22266397630370946
2392,0.22695807367488716
2393,0.23129528907308813
2394,0.23567512929372617
2395,0.2400970802767776
2396,0.2445606072847606
2397,0.24906515509818578
2398,0.25361014822837497
2399,0.2581949911474662
2400,0.26281906853542075
2401,0.26748174554387805
2402,0.27218236807662255
2403,0.2769202630864649
2404,0.2816947388882139
2405,0.2865050854875054
2406,0.2913505749252175
2407,0.29623046163712324
2408,0.3011439828285106
2409,0.30609035886333646
2410,0.31106879366757034
2411,0.3160784751464329
2412,0.321118575615012
2413,0.32618825224194115
2414,0.3312866475057263
2415,0.3364128896630337
2416,0.34156609322883374
2417,0.3467453594675983
2418,0.3519497768955877
2419,0.3571784217931081
2420,0.3624303587263385
2421,0.36770464107833917
2422,0.3730003115897572
2423,0.3783164029066854
2424,0.38365193813622916
2425,0.38900593140923584
2426,0.3943773884496384
2427,0.3997653071497346
2428,0.405168678150904
2429,0.41058648542801834
2430,0.4160177068810144
2431,0.42146131492735284
2432,0.4269162770975622
2433,0.43238155663301436
2434,0.4378561130909878
2435,0.4433389029436739
2436,0.44882888018101197
2437,0.4543249969113034
2438,0.45982620397023355
2439,0.4653314515200762
2440,0.47083968964694056
2441,0.47634986895644793
2442,0.48186094117632033
2443,0.4873718597473771
2444,0.4928815804064684
2445,0.4983890617737503
2446,0.5038932659308548
2447,0.5093931589970421
2448,0.5148877116913559
2449,0.5203758998972363
2450,0.5258567052204612
2451,0.5313291155337296
2452,0.5367921255134522
2453,0.5422447371740869
2454,0.5476859603956328
2455,0.553114813431914
2456,0.5585303234103641
2457,0.5639315268297217
2458,0.5693174700529687
2459,0.5746872097681028
2460,0.5800398134585301
2461,0.58537435984213
2462,0.5906899393220838
2463,0.5959856544008999
2464,0.6012606201179258
2465,0.6065139644424232
2466,0.6117448286453725
2467,0.6169523676774592
2468,0.6221357505606094
2469,0.6272941607260434
2470,0.6324267963496762
2471,0.6375328706396048
2472,0.6426116121873515
2473,0.6476622652625225
2474,0.6526840900722822
2475,0.657676363069147
2476,0.6626383771148889
2477,0.6675694417837686
2478,0.6724688835627569
2479,0.677336046076932
2480,0.6821702903053416
2481,0.6869709946888393
2482,0.6917375552872366
2483,0.6964693859948202
2484,0.7011659186790895
2485,0.7058266033483025
2486,0.7104509080478547
2487,0.7150383190818171
2488,0.71958834112917
2489,0.7241004973399999
2490,0.7285743290196695
2491,0.7330093964750787
2492,0.7374052781721309
2493,0.7417615712477447
2494,0.7460778912544362
2495,0.7503538720811028
2496,0.7545891665160326
2497,0.7587834455113308
2498,0.7629363983438465
2499,0.7670477325698367
2500,0.7711171741994053
2501,0.775144467168311
2502,0.7791293732526088
2503,0.78307167219987
2504,0.786971161669069
2505,0.7908276569036473
2506,0.7946409908312235
2507,0.7984110132236846
2508,0.8021375914405655
2509,0.8058206098197558
2510,0.8094599694165361
2511,0.8130555879317217
2512,0.8166073993074559
2513,0.8201153539574217
2514,0.8235794180333791
2515,0.8269995737811872
2516,0.8303758189486763
2517,0.8337081660707715
2518,0.8369966428658268
2519,0.8402412918014461
2520,0.8434421669704726
2521,0.8465993434594113
2522,0.8497129059302735
2523,0.8527829528444895
2524,0.8558095973904456
2525,0.8587929615022607
2526,0.8617331880009633
2527,0.8646304273228617
2528,0.8674848430783053
2529,0.8702966099116671
2530,0.8730659088287042
2531,0.8757929455826949
2532,0.8784779291980994
2533,0.8811210799436012
2534,0.8837226283304965
2535,0.8862828012500032
2536,0.8888018646728827
2537,0.8912800779215105
2538,0.893717710472155
2539,0.8961150406138767
2540,0.8984723342755178
2541,0.9007899091329833
2542,0.9030680667742883
2543,0.9053071194653998
2544,0.9075073837539392
2545,0.9096691502298622
2546,0.9117927890865496
2547,0.9138786368567204
2548,0.9159270390510386
2549,0.9179383456664789
2550,0.9199128686340327
2551,0.9218510161843314
2552,0.9237531534052463
2553,0.9256196521097596
2554,0.9274508868696357
2555,0.9292471746023311
2556,0.931008966105625
2557,0.9327366446986995
2558,0.9344306032237736
2559,0.9360912309943769
2560,0.9377188184896404
2561,0.9393138805346
2562,0.9408768149565849
2563,0.942408025452537
2564,0.9439079157481044
2565,0.9453767646780536
2566,0.9468151157447077
2567,0.948223375391315
2568,0.949601956222546
2569,0.9509512639418496
2570,0.9522715277907858
2571,0.9535633520106972
2572,0.9548271441782407
2573,0.9560633157665135
2574,0.9572722761035787
2575,0.9584541748349539
2576,0.9596096927854001
2577,0.9607392356688949
2578,0.961843216259723
2579,0.9629220328385089
2580,0.9639757739782194
2581,0.9650051737799796
2582,0.9660106332766025
2583,0.9669925549049114
2584,0.9679513292966653
2585,0.9688869334873718
2586,0.9698002006977776
2587,0.9706915151527641
2588,0.9715612689058438
2589,0.9724098363862734
2590,0.9732370915188333
2591,0.9740439507693808
2592,0.9748307843869953
2593,0.9755979684035011
2594,0.976345861128687
2595,0.9770742117978505
2596,0.9777840381716336
2597,0.9784756870739424
2598,0.9791495266576058
2599,0.9798058896854244
2600,0.9804444054601524
2601,0.9810661831755446
2602,0.9816715548014165
2603,0.9822608641607955
2604,0.9828344266245866
2605,0.9833917618416699
2606,0.9839340473375775
2607,0.9844616008157281
2608,0.9849747392793227
2609,0.9854737564442789
2610,0.9859579905405615
2611,0.9864287727364822
2612,0.9868863978591812
2613,0.9873311595553849
2614,0.987763336126166
2615,0.9881822021666532
2616,0.9885890990994619
2617,0.9889843008859455
2618,0.9893680844705993
2619,0.9897406964802835
2620,0.9901012780496776
2621,0.9904512787273185
2622,0.9907909505502424
2623,0.9911205346611861
2624,0.9914402666513286
2625,0.9917490878305129
2626,0.9920486029194231
2627,0.9923390420335592
2628,0.9926206384725924
2629,0.9928935923222809
2630,0.9931568287822359
2631,0.9934119274296543
2632,0.9936590933958523
2633,0.9938985458829331
2634,0.9941304575525027
2635,0.9943536484325071
2636,0.9945697676763513
2637,0.9947789917643343
2638,0.9949815193322831
2639,0.9951775115785477
2640,0.9953657187702769
2641,0.9955478223856015
2642,0.9957239864473901
2643,0.9958943774944599
2644,0.9960591359012744
2645,0.9962170205995071
2646,0.9963696608116895
2647,0.9965172000563912
2648,0.9966597824606497
2649,0.9967975371770242
2650,0.9969292259748055
2651,0.997056435338705
2652,0.9971792933938773
2653,0.9972979350304711
2654,0.9974124646816886
2655,0.9975216622399757
2656,0.9976270682835919
2657,0.9977287952462626
2658,0.9978269462231018
2659,0.997921625568369
2660,0.9980116403758647
2661,0.9980984546368102
2662,0.9981821751710824
2663,0.9982628977743018
2664,0.9983407017647995
2665,0.9984144287819718
2666,0.9984854834834406
2667,0.9985539552739533
2668,0.9986199267643338
2669,0.9986834648505576
2670,0.9987435060956472
2671,0.9988013262293948
2672,0.9988569956884873
2673,0.9989105885953465
2674,0.9989621631637264
2675,0.9990107024786797
2676,0.9990574130792956
2677,0.9991023499183438
2678,0.9991455758923659
2679,0.9991871373751828
2680,0.9992261167130744
2681,0.9992635991970077
2682,0.9992996313146756
2683,0.9993342628011421
2684,0.9993675356258606
2685,0.9993986202901665