floor1,prob_reach_floor1,prob_complete_after_floor1,floor1_2,prob_reach_floor1_2,prob_complete_after_floor1_2,floor1_2_3,prob_reach_floor1_2_3,prob_complete_after_floor1_2_3,total,,,floor1,floor1_2,floor1_2_3
523,0.01974,0.0862915094774789,981,0.00644,0.196479641188204,1592,0.0238,0.21899,2284,,min,484,928,1494
534,0.05189,0.0609139459038858,1013,0.05783,0.0754093928421774,1584,0.01658,0.26259,2262,,avg,521.865139949109,986.921119592875,1569.46564885496
531,0.04096,0.0671977840691001,985,0.00907,0.177258487449708,1541,0.00157,0.68676,2278,,max,535,1015,1618
535,0.05631,0.0589208016905911,998,0.02347,0.122844092015064,1576,0.01156,0.35135,2273,,,,,
523,0.01974,0.0862915094774789,1008,0.04292,0.0894473610214943,1567,0.00721,0.44869,2294,,,,,
520,0.01473,0.0943687944150022,1013,0.05783,0.0754093928421774,1610,0.04996,0.09661,2297,,,,,
535,0.05631,0.0589208016905911,975,0.00379,0.227388189892184,1557,0.00387,0.54722,2282,,,,,
532,0.04445,0.0650518092384121,990,0.01341,0.154854653976002,1555,0.00354,0.55038,2241,,,,,
527,0.02903,0.0763092778586665,1009,0.04574,0.0865017026138368,1617,0.06427,0.07357,2289,,,,,
511,0.00498,0.121750581887447,972,0.00288,0.243730083452166,1613,0.05559,0.09458,2291,,,,,
514,0.00742,0.112089883360774,994,0.01817,0.138256156118922,1565,0.00638,0.45153,2297,,,,,
515,0.00819,0.10898906461665,983,0.00772,0.186727058016664,1568,0.00757,0.44727,2280,,,,,
528,0.03161,0.0739511142732888,1008,0.04292,0.0894473610214943,1582,0.01517,0.30422,2269,,,,,
535,0.05631,0.0589208016905911,1000,0.02651,0.115582024434988,1618,0.06664,0.07304,2285,,,,,
505,0.00208,0.142698297886598,987,0.01072,0.168078041112085,1530,0.00071,0.76669,2222,,,,,
530,0.0376,0.0693959347613141,977,0.00455,0.216816332057146,1526,0.00051,0.80044,2243,,,,,
530,0.0376,0.0693959347613141,983,0.00772,0.186727058016664,1544,0.00196,0.64544,2281,,,,,
506,0.00245,0.139055810290674,1005,0.03643,0.0987078893913366,1590,0.02181,0.22131,2297,,,,,
521,0.0161,0.0916192212193727,1002,0.03048,0.108613965165864,1551,0.00281,0.5966,2238,,,,,
507,0.00278,0.135473856768041,990,0.01341,0.154854653976002,1548,0.00234,0.63986,2275,,,,,
526,0.02635,0.0787218852982478,998,0.02347,0.122844092015064,1601,0.03517,0.15017,2248,,,,,
526,0.02635,0.0787218852982478,997,0.02202,0.12658592461451,1590,0.02181,0.22131,2299,,,,,
533,0.04794,0.0629574035406007,1005,0.03643,0.0987078893913366,1575,0.01087,0.35256,2277,,,,,
505,0.00208,0.142698297886598,971,0.00265,0.249302393440592,1527,0.00054,0.79927,2234,,,,,
519,0.01327,0.0971760516042577,1014,0.06089,0.0728056174696529,1573,0.00987,0.39689,2285,,,,,
511,0.00498,0.121750581887447,1007,0.04063,0.0924632563358347,1591,0.02273,0.22018,2298,,,,,
534,0.05189,0.0609139459038858,980,0.00587,0.201460931052631,1567,0.00721,0.44869,2254,,,,,
534,0.05189,0.0609139459038858,974,0.00342,0.232771926407453,1578,0.01261,0.34839,2270,,,,,
510,0.00442,0.125090875668474,980,0.00587,0.201460931052631,1536,0.00117,0.72714,2298,,,,,
504,0.00168,0.146401305689581,967,0.00174,0.272186362948228,1529,0.00064,0.76786,2216,,,,,
525,0.02404,0.0811894600154765,993,0.01686,0.142294634451345,1585,0.01732,0.26134,2287,,,,,
523,0.01974,0.0862915094774789,977,0.00455,0.216816332057146,1559,0.00431,0.50272,2256,,,,,
521,0.0161,0.0916192212193727,1005,0.03643,0.0987078893913366,1581,0.01451,0.30552,2293,,,,,
532,0.04445,0.0650518092384121,999,0.02487,0.119176187557166,1596,0.02858,0.18432,2289,,,,,
532,0.04445,0.0650518092384121,1006,0.03861,0.0955499308553405,1584,0.01658,0.26259,2298,,,,,
533,0.04794,0.0629574035406007,1015,0.06456,0.0702681444955853,1596,0.02858,0.18432,2248,,,,,
520,0.01473,0.0943687944150022,986,0.00988,0.172632021468607,1541,0.00157,0.68676,2293,,,,,
522,0.01782,0.0889269333334436,1011,0.05157,0.0808187488468186,1597,0.02996,0.18339,2269,,,,,
534,0.05189,0.0609139459038858,1009,0.04574,0.0865017026138368,1583,0.01589,0.30283,2260,,,,,
532,0.04445,0.0650518092384121,989,0.01249,0.159189045068407,1539,0.0014,0.68915,2276,,,,,
530,0.0376,0.0693959347613141,989,0.01249,0.159189045068407,1615,0.05993,0.07469,2286,,,,,
510,0.00442,0.125090875668474,987,0.01072,0.168078041112085,1523,0.00038,0.82997,2250,,,,,
521,0.0161,0.0916192212193727,987,0.01072,0.168078041112085,1576,0.01156,0.35135,2283,,,,,
503,0.00149,0.15016478838205,980,0.00587,0.201460931052631,1526,0.00051,0.80044,2268,,,,,
504,0.00168,0.146401305689581,998,0.02347,0.122844092015064,1565,0.00638,0.45153,2277,,,,,
534,0.05189,0.0609139459038858,1014,0.06089,0.0728056174696529,1603,0.03806,0.14832,2275,,,,,
484,0.00004,0.232862137239412,962,0.00105,0.302033452995016,1549,0.00249,0.59962,2291,,,,,
534,0.05189,0.0609139459038858,1004,0.03443,0.101937598075709,1582,0.01517,0.30422,2274,,,,,
534,0.05189,0.0609139459038858,989,0.01249,0.159189045068407,1556,0.00369,0.54886,2233,,,,,
535,0.05631,0.0589208016905911,1007,0.04063,0.0924632563358347,1608,0.04651,0.1199,2245,,,,,
533,0.04794,0.0629574035406007,1005,0.03643,0.0987078893913366,1610,0.04996,0.09661,2282,,,,,
496,0.00047,0.178191904535559,947,0.0002,0.398034524272601,1579,0.01312,0.30817,2296,,,,,
532,0.04445,0.0650518092384121,1001,0.02824,0.112061372533792,1586,0.01815,0.25989,2288,,,,,
525,0.02404,0.0811894600154765,1009,0.04574,0.0865017026138368,1568,0.00757,0.44727,2275,,,,,
515,0.00819,0.10898906461665,978,0.00487,0.211630041054027,1596,0.02858,0.18432,2273,,,,,
532,0.04445,0.0650518092384121,1002,0.03048,0.108613965165864,1572,0.00934,0.39839,2279,,,,,
520,0.01473,0.0943687944150022,980,0.00587,0.201460931052631,1497,0.00003,0.93696,2224,,,,,
520,0.01473,0.0943687944150022,999,0.02487,0.119176187557166,1569,0.00803,0.40304,2276,,,,,
512,0.00565,0.118470433927221,971,0.00265,0.249302393440592,1598,0.03111,0.18239,2235,,,,,
509,0.00385,0.128491452448288,1002,0.03048,0.108613965165864,1598,0.03111,0.18239,2270,,,,,
519,0.01327,0.0971760516042577,980,0.00587,0.201460931052631,1548,0.00234,0.63986,2270,,,,,
524,0.02183,0.083712506483631,1015,0.06456,0.0702681444955853,1615,0.05993,0.07469,2297,,,,,
517,0.01044,0.102965095565681,1009,0.04574,0.0865017026138368,1601,0.03517,0.15017,2298,,,,,
501,0.00111,0.157872837837039,963,0.00119,0.295960953147864,1537,0.00126,0.72583,2269,,,,,
506,0.00245,0.139055810290674,988,0.01143,0.163596936174249,1565,0.00638,0.45153,2282,,,,,
532,0.04445,0.0650518092384121,981,0.00644,0.196479641188204,1535,0.00109,0.72837,2252,,,,,
527,0.02903,0.0763092778586665,994,0.01817,0.138256156118922,1549,0.00249,0.59962,2221,,,,,
529,0.03456,0.0716468529242503,979,0.00536,0.206511311307996,1567,0.00721,0.44869,2279,,,,,
525,0.02404,0.0811894600154765,997,0.02202,0.12658592461451,1613,0.05559,0.09458,2275,,,,,
526,0.02635,0.0787218852982478,1009,0.04574,0.0865017026138368,1561,0.00496,0.49948,2288,,,,,
506,0.00245,0.139055810290674,1002,0.03048,0.108613965165864,1573,0.00987,0.39689,2255,,,,,
492,0.00023,0.195509094793582,952,0.00032,0.365166807724098,1577,0.01217,0.34986,2274,,,,,
530,0.0376,0.0693959347613141,1010,0.04873,0.0836257027438171,1613,0.05559,0.09458,2295,,,,,
508,0.00337,0.131952420111913,935,0.00007,0.478754597182426,1541,0.00157,0.68676,2253,,,,,
531,0.04096,0.0671977840691001,984,0.00842,0.181956995921733,1534,0.00096,0.72949,2241,,,,,
527,0.02903,0.0763092778586665,1012,0.05445,0.0780802025093691,1596,0.02858,0.18432,2263,,,,,
522,0.01782,0.0889269333334436,987,0.01072,0.168078041112085,1521,0.00033,0.83168,2228,,,,,
508,0.00337,0.131952420111913,989,0.01249,0.159189045068407,1575,0.01087,0.35256,2297,,,,,
535,0.05631,0.0589208016905911,981,0.00644,0.196479641188204,1611,0.05175,0.09602,2268,,,,,
534,0.05189,0.0609139459038858,975,0.00379,0.227388189892184,1522,0.00036,0.8308,2174,,,,,
509,0.00385,0.128491452448288,954,0.00043,0.35222961439512,1532,0.00082,0.76421,2289,,,,,
521,0.0161,0.0916192212193727,959,0.00075,0.320536354788298,1536,0.00117,0.72714,2298,,,,,
528,0.03161,0.0739511142732888,998,0.02347,0.122844092015064,1598,0.03111,0.18239,2270,,,,,
531,0.04096,0.0671977840691001,963,0.00119,0.295960953147864,1531,0.00075,0.76548,2218,,,,,
525,0.02404,0.0811894600154765,989,0.01249,0.159189045068407,1597,0.02996,0.18339,2289,,,,,
529,0.03456,0.0716468529242503,986,0.00988,0.172632021468607,1544,0.00196,0.64544,2226,,,,,
528,0.03161,0.0739511142732888,985,0.00907,0.177258487449708,1542,0.00171,0.68557,2274,,,,,
513,0.00662,0.115250265824372,972,0.00288,0.243730083452166,1596,0.02858,0.18432,2293,,,,,
525,0.02404,0.0811894600154765,975,0.00379,0.227388189892184,1544,0.00196,0.64544,2266,,,,,
530,0.0376,0.0693959347613141,994,0.01817,0.138256156118922,1583,0.01589,0.30283,2255,,,,,
521,0.0161,0.0916192212193727,979,0.00536,0.206511311307996,1530,0.00071,0.76669,2247,,,,,
526,0.02635,0.0787218852982478,1005,0.03643,0.0987078893913366,1584,0.01658,0.26259,2266,,,,,
514,0.00742,0.112089883360774,962,0.00105,0.302033452995016,1514,0.00015,0.86075,2246,,,,,
532,0.04445,0.0650518092384121,998,0.02347,0.122844092015064,1534,0.00096,0.72949,2226,,,,,
525,0.02404,0.0811894600154765,987,0.01072,0.168078041112085,1567,0.00721,0.44869,2269,,,,,
524,0.02183,0.083712506483631,981,0.00644,0.196479641188204,1582,0.01517,0.30422,2294,,,,,
520,0.01473,0.0943687944150022,993,0.01686,0.142294634451345,1552,0.00299,0.5952,2234,,,,,
510,0.00442,0.125090875668474,967,0.00174,0.272186362948228,1563,0.00557,0.49641,2280,,,,,
518,0.01168,0.10004136818048,994,0.01817,0.138256156118922,1560,0.00466,0.50116,2283,,,,,
523,0.01974,0.0862915094774789,958,0.0006,0.326793881986078,1526,0.00051,0.80044,2223,,,,,
516,0.00914,0.105947560544889,984,0.00842,0.181956995921733,1553,0.00318,0.59378,2300,,,,,
527,0.02903,0.0763092778586665,937,0.00008,0.465217734587967,1583,0.01589,0.30283,2270,,,,,
508,0.00337,0.131952420111913,968,0.00194,0.266378594648863,1571,0.00887,0.40015,2283,,,,,
535,0.05631,0.0589208016905911,988,0.01143,0.163596936174249,1539,0.0014,0.68915,2281,,,,,
525,0.02404,0.0811894600154765,979,0.00536,0.206511311307996,1571,0.00887,0.40015,2293,,,,,
523,0.01974,0.0862915094774789,1007,0.04063,0.0924632563358347,1580,0.0138,0.30675,2226,,,,,
532,0.04445,0.0650518092384121,991,0.01452,0.150594000985042,1520,0.00027,0.83244,2227,,,,,
526,0.02635,0.0787218852982478,988,0.01143,0.163596936174249,1592,0.0238,0.21899,2299,,,,,
535,0.05631,0.0589208016905911,1008,0.04292,0.0894473610214943,1590,0.02181,0.22131,2277,,,,,
526,0.02635,0.0787218852982478,978,0.00487,0.211630041054027,1547,0.00227,0.64148,2299,,,,,
532,0.04445,0.0650518092384121,983,0.00772,0.186727058016664,1604,0.0396,0.12314,2246,,,,,
520,0.01473,0.0943687944150022,977,0.00455,0.216816332057146,1580,0.0138,0.30675,2267,,,,,
516,0.00914,0.105947560544889,1008,0.04292,0.0894473610214943,1551,0.00281,0.5966,2243,,,,,
532,0.04445,0.0650518092384121,961,0.00095,0.308154549787794,1551,0.00281,0.5966,2228,,,,,
524,0.02183,0.083712506483631,1004,0.03443,0.101937598075709,1616,0.06214,0.07412,2293,,,,,
530,0.0376,0.0693959347613141,997,0.02202,0.12658592461451,1569,0.00803,0.40304,2261,,,,,
511,0.00498,0.121750581887447,994,0.01817,0.138256156118922,1567,0.00721,0.44869,2294,,,,,
521,0.0161,0.0916192212193727,990,0.01341,0.154854653976002,1580,0.0138,0.30675,2247,,,,,
515,0.00819,0.10898906461665,978,0.00487,0.211630041054027,1537,0.00126,0.72583,2284,,,,,
517,0.01044,0.102965095565681,986,0.00988,0.172632021468607,1512,0.00011,0.88264,2279,,,,,
524,0.02183,0.083712506483631,990,0.01341,0.154854653976002,1574,0.01028,0.35407,2271,,,,,
534,0.05189,0.0609139459038858,995,0.01934,0.134291887752129,1596,0.02858,0.18432,2288,,,,,
534,0.05189,0.0609139459038858,982,0.00715,0.19156813642142,1566,0.00672,0.4501,2278,,,,,
531,0.04096,0.0671977840691001,986,0.00988,0.172632021468607,1583,0.01589,0.30283,2260,,,,,
531,0.04096,0.0671977840691001,1001,0.02824,0.112061372533792,1550,0.00265,0.59829,2277,,,,,
519,0.01327,0.0971760516042577,1002,0.03048,0.108613965165864,1564,0.00602,0.45301,2256,,,,,
535,0.05631,0.0589208016905911,1005,0.03643,0.0987078893913366,1537,0.00126,0.72583,2224,,,,,
528,0.03161,0.0739511142732888,1010,0.04873,0.0836257027438171,1601,0.03517,0.15017,2268,,,,,
491,0.00021,0.199982905300618,1007,0.04063,0.0924632563358347,1570,0.00839,0.40158,2242,,,,,
532,0.04445,0.0650518092384121,979,0.00536,0.206511311307996,1516,0.00019,0.85899,2228,,,,,
534,0.05189,0.0609139459038858,1000,0.02651,0.115582024434988,1570,0.00839,0.40158,2262,,,,,
520,0.01473,0.0943687944150022,951,0.00028,0.371684041748741,1528,0.0006,0.79821,2255,,,,,
516,0.00914,0.105947560544889,969,0.00217,0.260627845005088,1539,0.0014,0.68915,2221,,,,,
520,0.01473,0.0943687944150022,945,0.00018,0.411352482849016,1508,0.0001,0.90257,2290,,,,,
520,0.01473,0.0943687944150022,961,0.00095,0.308154549787794,1568,0.00757,0.44727,2224,,,,,
513,0.00662,0.115250265824372,999,0.02487,0.119176187557166,1611,0.05175,0.09602,2268,,,,,
535,0.05631,0.0589208016905911,993,0.01686,0.142294634451345,1564,0.00602,0.45301,2241,,,,,
521,0.0161,0.0916192212193727,984,0.00842,0.181956995921733,1544,0.00196,0.64544,2266,,,,,
511,0.00498,0.121750581887447,986,0.00988,0.172632021468607,1561,0.00496,0.49948,2296,,,,,
529,0.03456,0.0716468529242503,1011,0.05157,0.0808187488468186,1579,0.01312,0.30817,2276,,,,,
494,0.00031,0.186734057069351,929,0.00002,0.519285992838305,1528,0.0006,0.79821,2290,,,,,
535,0.05631,0.0589208016905911,1005,0.03643,0.0987078893913366,1590,0.02181,0.22131,2300,,,,,
519,0.01327,0.0971760516042577,978,0.00487,0.211630041054027,1559,0.00431,0.50272,2271,,,,,
521,0.0161,0.0916192212193727,999,0.02487,0.119176187557166,1577,0.01217,0.34986,2299,,,,,
528,0.03161,0.0739511142732888,986,0.00988,0.172632021468607,1618,0.06664,0.07304,2280,,,,,
531,0.04096,0.0671977840691001,965,0.00141,0.283967706262234,1577,0.01217,0.34986,2300,,,,,
533,0.04794,0.0629574035406007,1007,0.04063,0.0924632563358347,1616,0.06214,0.07412,2297,,,,,
532,0.04445,0.0650518092384121,986,0.00988,0.172632021468607,1567,0.00721,0.44869,2256,,,,,
512,0.00565,0.118470433927221,969,0.00217,0.260627845005088,1595,0.02733,0.18542,2257,,,,,
512,0.00565,0.118470433927221,963,0.00119,0.295960953147864,1537,0.00126,0.72583,2249,,,,,
527,0.02903,0.0763092778586665,973,0.00304,0.238219567955614,1574,0.01028,0.35407,2281,,,,,
518,0.01168,0.10004136818048,970,0.00238,0.25493537215016,1562,0.00526,0.49791,2284,,,,,
528,0.03161,0.0739511142732888,1013,0.05783,0.0754093928421774,1570,0.00839,0.40158,2298,,,,,
520,0.01473,0.0943687944150022,959,0.00075,0.320536354788298,1582,0.01517,0.30422,2274,,,,,
502,0.00129,0.153988668845031,974,0.00342,0.232771926407453,1588,0.01988,0.25758,2275,,,,,
500,0.00092,0.161817153702534,992,0.01566,0.146407280295055,1557,0.00387,0.54722,2244,,,,,
519,0.01327,0.0971760516042577,974,0.00342,0.232771926407453,1544,0.00196,0.64544,2271,,,,,
531,0.04096,0.0671977840691001,1014,0.06089,0.0728056174696529,1587,0.01894,0.25879,2264,,,,,
521,0.0161,0.0916192212193727,1008,0.04292,0.0894473610214943,1517,0.0002,0.85809,2214,,,,,
520,0.01473,0.0943687944150022,1002,0.03048,0.108613965165864,1578,0.01261,0.34839,2280,,,,,
516,0.00914,0.105947560544889,1011,0.05157,0.0808187488468186,1593,0.0249,0.21777,2296,,,,,
513,0.00662,0.115250265824372,969,0.00217,0.260627845005088,1544,0.00196,0.64544,2241,,,,,
515,0.00819,0.10898906461665,986,0.00988,0.172632021468607,1599,0.03245,0.15219,2281,,,,,
516,0.00914,0.105947560544889,1015,0.06456,0.0702681444955853,1592,0.0238,0.21899,2288,,,,,
512,0.00565,0.118470433927221,934,0.00005,0.485522901929077,1531,0.00075,0.76548,2208,,,,,
535,0.05631,0.0589208016905911,987,0.01072,0.168078041112085,1538,0.00134,0.72452,2263,,,,,
528,0.03161,0.0739511142732888,997,0.02202,0.12658592461451,1615,0.05993,0.07469,2292,,,,,
530,0.0376,0.0693959347613141,1001,0.02824,0.112061372533792,1615,0.05993,0.07469,2297,,,,,
529,0.03456,0.0716468529242503,1011,0.05157,0.0808187488468186,1590,0.02181,0.22131,2287,,,,,
525,0.02404,0.0811894600154765,975,0.00379,0.227388189892184,1543,0.00177,0.68419,2240,,,,,
511,0.00498,0.121750581887447,969,0.00217,0.260627845005088,1568,0.00757,0.44727,2270,,,,,
533,0.04794,0.0629574035406007,993,0.01686,0.142294634451345,1556,0.00369,0.54886,2198,,,,,
525,0.02404,0.0811894600154765,969,0.00217,0.260627845005088,1585,0.01732,0.26134,2252,,,,,
514,0.00742,0.112089883360774,974,0.00342,0.232771926407453,1568,0.00757,0.44727,2300,,,,,
529,0.03456,0.0716468529242503,981,0.00644,0.196479641188204,1547,0.00227,0.64148,2289,,,,,
534,0.05189,0.0609139459038858,1001,0.02824,0.112061372533792,1583,0.01589,0.30283,2280,,,,,
528,0.03161,0.0739511142732888,1007,0.04063,0.0924632563358347,1589,0.02083,0.22261,2296,,,,,
513,0.00662,0.115250265824372,980,0.00587,0.201460931052631,1525,0.00047,0.80163,2182,,,,,
519,0.01327,0.0971760516042577,984,0.00842,0.181956995921733,1532,0.00082,0.76421,2239,,,,,
525,0.02404,0.0811894600154765,985,0.00907,0.177258487449708,1565,0.00638,0.45153,2282,,,,,
523,0.01974,0.0862915094774789,982,0.00715,0.19156813642142,1549,0.00249,0.59962,2261,,,,,
504,0.00168,0.146401305689581,990,0.01341,0.154854653976002,1573,0.00987,0.39689,2285,,,,,
534,0.05189,0.0609139459038858,1002,0.03048,0.108613965165864,1573,0.00987,0.39689,2295,,,,,
518,0.01168,0.10004136818048,972,0.00288,0.243730083452166,1536,0.00117,0.72714,2212,,,,,
524,0.02183,0.083712506483631,1010,0.04873,0.0836257027438171,1590,0.02181,0.22131,2282,,,,,
513,0.00662,0.115250265824372,979,0.00536,0.206511311307996,1494,0.00001,0.93819,2276,,,,,
489,0.00015,0.209100735110532,942,0.00012,0.431464922219469,1551,0.00281,0.5966,2258,,,,,
515,0.00819,0.10898906461665,997,0.02202,0.12658592461451,1576,0.01156,0.35135,2258,,,,,
517,0.01044,0.102965095565681,1005,0.03643,0.0987078893913366,1584,0.01658,0.26259,2296,,,,,
526,0.02635,0.0787218852982478,975,0.00379,0.227388189892184,1506,0.00006,0.90376,2243,,,,,
528,0.03161,0.0739511142732888,1002,0.03048,0.108613965165864,1572,0.00934,0.39839,2224,,,,,
532,0.04445,0.0650518092384121,1000,0.02651,0.115582024434988,1549,0.00249,0.59962,2211,,,,,
510,0.00442,0.125090875668474,978,0.00487,0.211630041054027,1584,0.01658,0.26259,2291,,,,,
531,0.04096,0.0671977840691001,982,0.00715,0.19156813642142,1581,0.01451,0.30552,2298,,,,,
522,0.01782,0.0889269333334436,953,0.0004,0.358681399007331,1576,0.01156,0.35135,2298,,,,,
526,0.02635,0.0787218852982478,997,0.02202,0.12658592461451,1567,0.00721,0.44869,2249,,,,,
531,0.04096,0.0671977840691001,986,0.00988,0.172632021468607,1559,0.00431,0.50272,2271,,,,,
534,0.05189,0.0609139459038858,1005,0.03643,0.0987078893913366,1544,0.00196,0.64544,2296,,,,,
523,0.01974,0.0862915094774789,983,0.00772,0.186727058016664,1565,0.00638,0.45153,2287,,,,,
520,0.01473,0.0943687944150022,973,0.00304,0.238219567955614,1606,0.04289,0.12152,2268,,,,,
524,0.02183,0.083712506483631,975,0.00379,0.227388189892184,1592,0.0238,0.21899,2294,,,,,
518,0.01168,0.10004136818048,1013,0.05783,0.0754093928421774,1592,0.0238,0.21899,2294,,,,,
517,0.01044,0.102965095565681,967,0.00174,0.272186362948228,1568,0.00757,0.44727,2235,,,,,
511,0.00498,0.121750581887447,984,0.00842,0.181956995921733,1616,0.06214,0.07412,2292,,,,,
534,0.05189,0.0609139459038858,1004,0.03443,0.101937598075709,1597,0.02996,0.18339,2295,,,,,
524,0.02183,0.083712506483631,984,0.00842,0.181956995921733,1573,0.00987,0.39689,2250,,,,,
528,0.03161,0.0739511142732888,974,0.00342,0.232771926407453,1584,0.01658,0.26259,2298,,,,,
485,0.00006,0.228001827549115,970,0.00238,0.25493537215016,1519,0.00024,0.83347,2186,,,,,
518,0.01168,0.10004136818048,1002,0.03048,0.108613965165864,1574,0.01028,0.35407,2201,,,,,
514,0.00742,0.112089883360774,985,0.00907,0.177258487449708,1594,0.02603,0.18643,2276,,,,,
524,0.02183,0.083712506483631,1001,0.02824,0.112061372533792,1584,0.01658,0.26259,2277,,,,,
529,0.03456,0.0716468529242503,989,0.01249,0.159189045068407,1571,0.00887,0.40015,2248,,,,,
533,0.04794,0.0629574035406007,981,0.00644,0.196479641188204,1592,0.0238,0.21899,2299,,,,,
519,0.01327,0.0971760516042577,1013,0.05783,0.0754093928421774,1613,0.05559,0.09458,2295,,,,,
513,0.00662,0.115250265824372,969,0.00217,0.260627845005088,1561,0.00496,0.49948,2253,,,,,
509,0.00385,0.128491452448288,1014,0.06089,0.0728056174696529,1587,0.01894,0.25879,2298,,,,,
508,0.00337,0.131952420111913,963,0.00119,0.295960953147864,1566,0.00672,0.4501,2248,,,,,
527,0.02903,0.0763092778586665,991,0.01452,0.150594000985042,1583,0.01589,0.30283,2290,,,,,
526,0.02635,0.0787218852982478,988,0.01143,0.163596936174249,1589,0.02083,0.22261,2286,,,,,
510,0.00442,0.125090875668474,943,0.00015,0.424745283620723,1525,0.00047,0.80163,2232,,,,,
532,0.04445,0.0650518092384121,976,0.00413,0.222069344736618,1500,0.00004,0.92237,2262,,,,,
518,0.01168,0.10004136818048,1007,0.04063,0.0924632563358347,1581,0.01451,0.30552,2273,,,,,
525,0.02404,0.0811894600154765,987,0.01072,0.168078041112085,1576,0.01156,0.35135,2258,,,,,
508,0.00337,0.131952420111913,984,0.00842,0.181956995921733,1590,0.02181,0.22131,2292,,,,,
532,0.04445,0.0650518092384121,971,0.00265,0.249302393440592,1540,0.00148,0.68798,2274,,,,,
521,0.0161,0.0916192212193727,1001,0.02824,0.112061372533792,1595,0.02733,0.18542,2267,,,,,
525,0.02404,0.0811894600154765,993,0.01686,0.142294634451345,1530,0.00071,0.76669,2283,,,,,
532,0.04445,0.0650518092384121,972,0.00288,0.243730083452166,1554,0.00333,0.55197,2276,,,,,
534,0.05189,0.0609139459038858,992,0.01566,0.146407280295055,1559,0.00431,0.50272,2286,,,,,
522,0.01782,0.0889269333334436,974,0.00342,0.232771926407453,1543,0.00177,0.68419,2198,,,,,
510,0.00442,0.125090875668474,996,0.02071,0.130401825468926,1576,0.01156,0.35135,2273,,,,,
530,0.0376,0.0693959347613141,1012,0.05445,0.0780802025093691,1568,0.00757,0.44727,2289,,,,,
498,0.00064,0.169885495824953,982,0.00715,0.19156813642142,1542,0.00171,0.68557,2279,,,,,
521,0.0161,0.0916192212193727,991,0.01452,0.150594000985042,1590,0.02181,0.22131,2252,,,,,
527,0.02903,0.0763092778586665,991,0.01452,0.150594000985042,1569,0.00803,0.40304,2251,,,,,
531,0.04096,0.0671977840691001,983,0.00772,0.186727058016664,1560,0.00466,0.50116,2267,,,,,
514,0.00742,0.112089883360774,979,0.00536,0.206511311307996,1585,0.01732,0.26134,2242,,,,,
518,0.01168,0.10004136818048,997,0.02202,0.12658592461451,1611,0.05175,0.09602,2293,,,,,
515,0.00819,0.10898906461665,949,0.00023,0.38480668729392,1557,0.00387,0.54722,2289,,,,,
517,0.01044,0.102965095565681,1011,0.05157,0.0808187488468186,1587,0.01894,0.25879,2294,,,,,
527,0.02903,0.0763092778586665,990,0.01341,0.154854653976002,1609,0.04831,0.09745,2258,,,,,
513,0.00662,0.115250265824372,963,0.00119,0.295960953147864,1529,0.00064,0.76786,2186,,,,,
531,0.04096,0.0671977840691001,982,0.00715,0.19156813642142,1533,0.00088,0.76307,2230,,,,,
512,0.00565,0.118470433927221,991,0.01452,0.150594000985042,1613,0.05559,0.09458,2293,,,,,
518,0.01168,0.10004136818048,996,0.02071,0.130401825468926,1546,0.00215,0.64278,2293,,,,,
507,0.00278,0.135473856768041,978,0.00487,0.211630041054027,1562,0.00526,0.49791,2274,,,,,
534,0.05189,0.0609139459038858,991,0.01452,0.150594000985042,1533,0.00088,0.76307,2265,,,,,
527,0.02903,0.0763092778586665,971,0.00265,0.249302393440592,1591,0.02273,0.22018,2278,,,,,
518,0.01168,0.10004136818048,974,0.00342,0.232771926407453,1599,0.03245,0.15219,2286,,,,,
534,0.05189,0.0609139459038858,1005,0.03643,0.0987078893913366,1598,0.03111,0.18239,2250,,,,,
531,0.04096,0.0671977840691001,1014,0.06089,0.0728056174696529,1592,0.0238,0.21899,2294,,,,,
532,0.04445,0.0650518092384121,1007,0.04063,0.0924632563358347,1589,0.02083,0.22261,2271,,,,,
533,0.04794,0.0629574035406007,986,0.00988,0.172632021468607,1598,0.03111,0.18239,2255,,,,,
531,0.04096,0.0671977840691001,1015,0.06456,0.0702681444955853,1611,0.05175,0.09602,2298,,,,,
512,0.00565,0.118470433927221,987,0.01072,0.168078041112085,1600,0.03362,0.15109,2252,,,,,
528,0.03161,0.0739511142732888,1006,0.03861,0.0955499308553405,1583,0.01589,0.30283,2275,,,,,
521,0.0161,0.0916192212193727,1010,0.04873,0.0836257027438171,1597,0.02996,0.18339,2244,,,,,
519,0.01327,0.0971760516042577,982,0.00715,0.19156813642142,1554,0.00333,0.55197,2260,,,,,
531,0.04096,0.0671977840691001,1004,0.03443,0.101937598075709,1616,0.06214,0.07412,2283,,,,,
494,0.00031,0.186734057069351,1007,0.04063,0.0924632563358347,1562,0.00526,0.49791,2259,,,,,
506,0.00245,0.139055810290674,952,0.00032,0.365166807724098,1534,0.00096,0.72949,2281,,,,,
526,0.02635,0.0787218852982478,981,0.00644,0.196479641188204,1536,0.00117,0.72714,2263,,,,,
527,0.02903,0.0763092778586665,1013,0.05783,0.0754093928421774,1618,0.06664,0.07304,2300,,,,,
524,0.02183,0.083712506483631,974,0.00342,0.232771926407453,1552,0.00299,0.5952,2241,,,,,
511,0.00498,0.121750581887447,988,0.01143,0.163596936174249,1577,0.01217,0.34986,2264,,,,,
521,0.0161,0.0916192212193727,989,0.01249,0.159189045068407,1574,0.01028,0.35407,2281,,,,,
515,0.00819,0.10898906461665,1002,0.03048,0.108613965165864,1589,0.02083,0.22261,2256,,,,,
531,0.04096,0.0671977840691001,999,0.02487,0.119176187557166,1593,0.0249,0.21777,2290,,,,,
530,0.0376,0.0693959347613141,983,0.00772,0.186727058016664,1573,0.00987,0.39689,2285,,,,,
526,0.02635,0.0787218852982478,962,0.00105,0.302033452995016,1563,0.00557,0.49641,2277,,,,,
517,0.01044,0.102965095565681,965,0.00141,0.283967706262234,1564,0.00602,0.45301,2246,,,,,
533,0.04794,0.0629574035406007,1003,0.03234,0.105239491524494,1609,0.04831,0.09745,2266,,,,,
517,0.01044,0.102965095565681,1002,0.03048,0.108613965165864,1599,0.03245,0.15219,2291,,,,,
523,0.01974,0.0862915094774789,987,0.01072,0.168078041112085,1558,0.0041,0.54556,2250,,,,,
514,0.00742,0.112089883360774,989,0.01249,0.159189045068407,1545,0.00206,0.64414,2252,,,,,
534,0.05189,0.0609139459038858,1000,0.02651,0.115582024434988,1562,0.00526,0.49791,2252,,,,,
524,0.02183,0.083712506483631,992,0.01566,0.146407280295055,1608,0.04651,0.1199,2290,,,,,
531,0.04096,0.0671977840691001,1015,0.06456,0.0702681444955853,1569,0.00803,0.40304,2276,,,,,
507,0.00278,0.135473856768041,968,0.00194,0.266378594648863,1533,0.00088,0.76307,2283,,,,,
509,0.00385,0.128491452448288,995,0.01934,0.134291887752129,1610,0.04996,0.09661,2277,,,,,
500,0.00092,0.161817153702534,989,0.01249,0.159189045068407,1573,0.00987,0.39689,2270,,,,,
532,0.04445,0.0650518092384121,1009,0.04574,0.0865017026138368,1608,0.04651,0.1199,2285,,,,,
534,0.05189,0.0609139459038858,996,0.02071,0.130401825468926,1551,0.00281,0.5966,2193,,,,,
528,0.03161,0.0739511142732888,1015,0.06456,0.0702681444955853,1588,0.01988,0.25758,2300,,,,,
525,0.02404,0.0811894600154765,976,0.00413,0.222069344736618,1582,0.01517,0.30422,2274,,,,,
530,0.0376,0.0693959347613141,977,0.00455,0.216816332057146,1514,0.00015,0.86075,2191,,,,,
533,0.04794,0.0629574035406007,967,0.00174,0.272186362948228,1579,0.01312,0.30817,2259,,,,,
517,0.01044,0.102965095565681,1003,0.03234,0.105239491524494,1573,0.00987,0.39689,2290,,,,,
518,0.01168,0.10004136818048,983,0.00772,0.186727058016664,1558,0.0041,0.54556,2280,,,,,
507,0.00278,0.135473856768041,953,0.0004,0.358681399007331,1558,0.0041,0.54556,2290,,,,,
526,0.02635,0.0787218852982478,968,0.00194,0.266378594648863,1548,0.00234,0.63986,2250,,,,,
531,0.04096,0.0671977840691001,982,0.00715,0.19156813642142,1527,0.00054,0.79927,2254,,,,,
514,0.00742,0.112089883360774,933,0.00004,0.492288536606687,1551,0.00281,0.5966,2268,,,,,
499,0.0008,0.165821442110679,960,0.00087,0.314322708225831,1523,0.00038,0.82997,2185,,,,,
533,0.04794,0.0629574035406007,1001,0.02824,0.112061372533792,1535,0.00109,0.72837,2267,,,,,
520,0.01473,0.0943687944150022,1014,0.06089,0.0728056174696529,1564,0.00602,0.45301,2261,,,,,
533,0.04794,0.0629574035406007,970,0.00238,0.25493537215016,1554,0.00333,0.55197,2226,,,,,
506,0.00245,0.139055810290674,979,0.00536,0.206511311307996,1617,0.06427,0.07357,2289,,,,,
522,0.01782,0.0889269333334436,958,0.0006,0.326793881986078,1578,0.01261,0.34839,2234,,,,,
529,0.03456,0.0716468529242503,1008,0.04292,0.0894473610214943,1598,0.03111,0.18239,2275,,,,,
527,0.02903,0.0763092778586665,1005,0.03643,0.0987078893913366,1567,0.00721,0.44869,2254,,,,,
517,0.01044,0.102965095565681,986,0.00988,0.172632021468607,1591,0.02273,0.22018,2298,,,,,
530,0.0376,0.0693959347613141,1002,0.03048,0.108613965165864,1551,0.00281,0.5966,2278,,,,,
529,0.03456,0.0716468529242503,996,0.02071,0.130401825468926,1566,0.00672,0.4501,2293,,,,,
513,0.00662,0.115250265824372,987,0.01072,0.168078041112085,1576,0.01156,0.35135,2258,,,,,
513,0.00662,0.115250265824372,999,0.02487,0.119176187557166,1544,0.00196,0.64544,2196,,,,,
533,0.04794,0.0629574035406007,986,0.00988,0.172632021468607,1580,0.0138,0.30675,2287,,,,,
512,0.00565,0.118470433927221,973,0.00304,0.238219567955614,1577,0.01217,0.34986,2259,,,,,
527,0.02903,0.0763092778586665,1011,0.05157,0.0808187488468186,1551,0.00281,0.5966,2273,,,,,
520,0.01473,0.0943687944150022,967,0.00174,0.272186362948228,1597,0.02996,0.18339,2289,,,,,
526,0.02635,0.0787218852982478,960,0.00087,0.314322708225831,1600,0.03362,0.15109,2262,,,,,
526,0.02635,0.0787218852982478,971,0.00265,0.249302393440592,1584,0.01658,0.26259,2286,,,,,
530,0.0376,0.0693959347613141,996,0.02071,0.130401825468926,1607,0.04463,0.12065,2294,,,,,
519,0.01327,0.0971760516042577,982,0.00715,0.19156813642142,1514,0.00015,0.86075,2251,,,,,
531,0.04096,0.0671977840691001,1006,0.03861,0.0955499308553405,1597,0.02996,0.18339,2249,,,,,
521,0.0161,0.0916192212193727,991,0.01452,0.150594000985042,1569,0.00803,0.40304,2261,,,,,
525,0.02404,0.0811894600154765,974,0.00342,0.232771926407453,1542,0.00171,0.68557,2259,,,,,
526,0.02635,0.0787218852982478,1004,0.03443,0.101937598075709,1576,0.01156,0.35135,2270,,,,,
518,0.01168,0.10004136818048,988,0.01143,0.163596936174249,1555,0.00354,0.55038,2277,,,,,
529,0.03456,0.0716468529242503,1010,0.04873,0.0836257027438171,1585,0.01732,0.26134,2257,,,,,
524,0.02183,0.083712506483631,980,0.00587,0.201460931052631,1579,0.01312,0.30817,2281,,,,,
532,0.04445,0.0650518092384121,981,0.00644,0.196479641188204,1536,0.00117,0.72714,2283,,,,,
521,0.0161,0.0916192212193727,968,0.00194,0.266378594648863,1529,0.00064,0.76786,2221,,,,,
530,0.0376,0.0693959347613141,999,0.02487,0.119176187557166,1562,0.00526,0.49791,2244,,,,,
533,0.04794,0.0629574035406007,1010,0.04873,0.0836257027438171,1595,0.02733,0.18542,2217,,,,,
514,0.00742,0.112089883360774,1008,0.04292,0.0894473610214943,1581,0.01451,0.30552,2243,,,,,
498,0.00064,0.169885495824953,967,0.00174,0.272186362948228,1564,0.00602,0.45301,2286,,,,,
529,0.03456,0.0716468529242503,1002,0.03048,0.108613965165864,1599,0.03245,0.15219,2281,,,,,
527,0.02903,0.0763092778586665,967,0.00174,0.272186362948228,1568,0.00757,0.44727,2260,,,,,
534,0.05189,0.0609139459038858,1001,0.02824,0.112061372533792,1561,0.00496,0.49948,2298,,,,,
515,0.00819,0.10898906461665,997,0.02202,0.12658592461451,1594,0.02603,0.18643,2296,,,,,
518,0.01168,0.10004136818048,989,0.01249,0.159189045068407,1525,0.00047,0.80163,2267,,,,,
512,0.00565,0.118470433927221,1011,0.05157,0.0808187488468186,1609,0.04831,0.09745,2286,,,,,
535,0.05631,0.0589208016905911,982,0.00715,0.19156813642142,1567,0.00721,0.44869,2296,,,,,
506,0.00245,0.139055810290674,971,0.00265,0.249302393440592,1591,0.02273,0.22018,2283,,,,,
502,0.00129,0.153988668845031,976,0.00413,0.222069344736618,1589,0.02083,0.22261,2291,,,,,
535,0.05631,0.0589208016905911,984,0.00842,0.181956995921733,1554,0.00333,0.55197,2281,,,,,
524,0.02183,0.083712506483631,990,0.01341,0.154854653976002,1573,0.00987,0.39689,2290,,,,,
516,0.00914,0.105947560544889,960,0.00087,0.314322708225831,1553,0.00318,0.59378,2225,,,,,
525,0.02404,0.0811894600154765,992,0.01566,0.146407280295055,1546,0.00215,0.64278,2263,,,,,
534,0.05189,0.0609139459038858,1011,0.05157,0.0808187488468186,1610,0.04996,0.09661,2277,,,,,
505,0.00208,0.142698297886598,976,0.00413,0.222069344736618,1538,0.00134,0.72452,2190,,,,,
500,0.00092,0.161817153702534,928,0.00001,0.526009601349653,1564,0.00602,0.45301,2296,,,,,
507,0.00278,0.135473856768041,979,0.00536,0.206511311307996,1569,0.00803,0.40304,2291,,,,,
532,0.04445,0.0650518092384121,969,0.00217,0.260627845005088,1544,0.00196,0.64544,2256,,,,,
532,0.04445,0.0650518092384121,983,0.00772,0.186727058016664,1578,0.01261,0.34839,2285,,,,,
530,0.0376,0.0693959347613141,1006,0.03861,0.0955499308553405,1546,0.00215,0.64278,2253,,,,,
530,0.0376,0.0693959347613141,998,0.02347,0.122844092015064,1578,0.01261,0.34839,2300,,,,,
528,0.03161,0.0739511142732888,1001,0.02824,0.112061372533792,1560,0.00466,0.50116,2297,,,,,
532,0.04445,0.0650518092384121,993,0.01686,0.142294634451345,1570,0.00839,0.40158,2242,,,,,
529,0.03456,0.0716468529242503,986,0.00988,0.172632021468607,1586,0.01815,0.25989,2253,,,,,
518,0.01168,0.10004136818048,954,0.00043,0.35222961439512,1508,0.0001,0.90257,2265,,,,,
517,0.01044,0.102965095565681,1007,0.04063,0.0924632563358347,1577,0.01217,0.34986,2244,,,,,
515,0.00819,0.10898906461665,1013,0.05783,0.0754093928421774,1532,0.00082,0.76421,2278,,,,,
513,0.00662,0.115250265824372,967,0.00174,0.272186362948228,1565,0.00638,0.45153,2297,,,,,
531,0.04096,0.0671977840691001,1005,0.03643,0.0987078893913366,1571,0.00887,0.40015,2263,,,,,
521,0.0161,0.0916192212193727,979,0.00536,0.206511311307996,1581,0.01451,0.30552,2288,,,,,
527,0.02903,0.0763092778586665,994,0.01817,0.138256156118922,1590,0.02181,0.22131,2272,,,,,
534,0.05189,0.0609139459038858,987,0.01072,0.168078041112085,1584,0.01658,0.26259,2286,,,,,
535,0.05631,0.0589208016905911,974,0.00342,0.232771926407453,1598,0.03111,0.18239,2285,,,,,
527,0.02903,0.0763092778586665,958,0.0006,0.326793881986078,1516,0.00019,0.85899,2213,,,,,
531,0.04096,0.0671977840691001,994,0.01817,0.138256156118922,1592,0.0238,0.21899,2274,,,,,
521,0.0161,0.0916192212193727,1005,0.03643,0.0987078893913366,1609,0.04831,0.09745,2266,,,,,
507,0.00278,0.135473856768041,974,0.00342,0.232771926407453,1575,0.01087,0.35256,2297,,,,,
527,0.02903,0.0763092778586665,966,0.00154,0.278049847972363,1573,0.00987,0.39689,2285,,,,,
522,0.01782,0.0889269333334436,989,0.01249,0.159189045068407,1555,0.00354,0.55038,2252,,,,,
522,0.01782,0.0889269333334436,1015,0.06456,0.0702681444955853,1583,0.01589,0.30283,2265,,,,,
505,0.00208,0.142698297886598,991,0.01452,0.150594000985042,1617,0.06427,0.07357,2259,,,,,
514,0.00742,0.112089883360774,989,0.01249,0.159189045068407,1563,0.00557,0.49641,2245,,,,,
510,0.00442,0.125090875668474,975,0.00379,0.227388189892184,1585,0.01732,0.26134,2267,,,,,
529,0.03456,0.0716468529242503,989,0.01249,0.159189045068407,1568,0.00757,0.44727,2250,,,,,
532,0.04445,0.0650518092384121,980,0.00587,0.201460931052631,1583,0.01589,0.30283,2265,,,,,
522,0.01782,0.0889269333334436,994,0.01817,0.138256156118922,1582,0.01517,0.30422,2294,,,,,
535,0.05631,0.0589208016905911,982,0.00715,0.19156813642142,1575,0.01087,0.35256,2282,,,,,
517,0.01044,0.102965095565681,960,0.00087,0.314322708225831,1538,0.00134,0.72452,2283,,,,,
533,0.04794,0.0629574035406007,1004,0.03443,0.101937598075709,1591,0.02273,0.22018,2289,,,,,
510,0.00442,0.125090875668474,985,0.00907,0.177258487449708,1583,0.01589,0.30283,2250,,,,,
529,0.03456,0.0716468529242503,971,0.00265,0.249302393440592,1599,0.03245,0.15219,2296,,,,,
506,0.00245,0.139055810290674,973,0.00304,0.238219567955614,1547,0.00227,0.64148,2274,,,,,
526,0.02635,0.0787218852982478,990,0.01341,0.154854653976002,1591,0.02273,0.22018,2263,,,,,
532,0.04445,0.0650518092384121,980,0.00587,0.201460931052631,1609,0.04831,0.09745,2291,,,,,
530,0.0376,0.0693959347613141,994,0.01817,0.138256156118922,1570,0.00839,0.40158,2282,,,,,
518,0.01168,0.10004136818048,981,0.00644,0.196479641188204,1552,0.00299,0.5952,2274,,,,,
529,0.03456,0.0716468529242503,987,0.01072,0.168078041112085,1549,0.00249,0.59962,2256,,,,,
529,0.03456,0.0716468529242503,996,0.02071,0.130401825468926,1594,0.02603,0.18643,2296,,,,,
531,0.04096,0.0671977840691001,970,0.00238,0.25493537215016,1542,0.00171,0.68557,2264,,,,,
528,0.03161,0.0739511142732888,1012,0.05445,0.0780802025093691,1600,0.03362,0.15109,2272,,,,,
528,0.03161,0.0739511142732888,991,0.01452,0.150594000985042,1610,0.04996,0.09661,2292,,,,,
509,0.00385,0.128491452448288,950,0.00026,0.378231282286547,1618,0.06664,0.07304,2300,,,,,
501,0.00111,0.157872837837039,960,0.00087,0.314322708225831,1590,0.02181,0.22131,2282,,,,,
509,0.00385,0.128491452448288,969,0.00217,0.260627845005088,1561,0.00496,0.49948,2258,,,,,
528,0.03161,0.0739511142732888,992,0.01566,0.146407280295055,1547,0.00227,0.64148,2264,,,,,
513,0.00662,0.115250265824372,960,0.00087,0.314322708225831,1542,0.00171,0.68557,2214,,,,,
